<?xml version='1.0' encoding='UTF-8' standalone='no'?>
<doxygen xmlns:xsi="http://www.w3.org/2001/XMLSchema-instance" xsi:noNamespaceSchemaLocation="compound.xsd" version="1.8.15">
  <compounddef id="class_progetto_basi_dati_1_1_connection" kind="class" language="C#" prot="public">
    <compoundname>ProgettoBasiDati::Connection</compoundname>
      <sectiondef kind="private-attrib">
      <memberdef kind="variable" id="class_progetto_basi_dati_1_1_connection_1a9a542db93dd4ba839eac95b3075f0027" prot="private" static="no" mutable="no">
        <type>const string</type>
        <definition>const string ProgettoBasiDati.Connection.LocalUserName</definition>
        <argsstring></argsstring>
        <name>LocalUserName</name>
        <initializer>= &quot;LOCAL_USERNAME&quot;</initializer>
        <briefdescription>
        </briefdescription>
        <detaileddescription>
        </detaileddescription>
        <inbodydescription>
        </inbodydescription>
        <location file="D:/GIT/database-exam-unimol/Database_Mod1_SQL/C#/ConsoleApp1/Connection.cs" line="14" column="1" bodyfile="D:/GIT/database-exam-unimol/Database_Mod1_SQL/C#/ConsoleApp1/Connection.cs" bodystart="14" bodyend="-1"/>
      </memberdef>
      <memberdef kind="variable" id="class_progetto_basi_dati_1_1_connection_1a40dda18ce65c050d9fa2677ef1d4e5e3" prot="private" static="no" mutable="no">
        <type>const string</type>
        <definition>const string ProgettoBasiDati.Connection.LocalPassword</definition>
        <argsstring></argsstring>
        <name>LocalPassword</name>
        <initializer>= &quot;LOCAL_PASSWORD&quot;</initializer>
        <briefdescription>
        </briefdescription>
        <detaileddescription>
        </detaileddescription>
        <inbodydescription>
        </inbodydescription>
        <location file="D:/GIT/database-exam-unimol/Database_Mod1_SQL/C#/ConsoleApp1/Connection.cs" line="15" column="1" bodyfile="D:/GIT/database-exam-unimol/Database_Mod1_SQL/C#/ConsoleApp1/Connection.cs" bodystart="15" bodyend="-1"/>
      </memberdef>
      <memberdef kind="variable" id="class_progetto_basi_dati_1_1_connection_1a422f1d23c8adb6b302001d0fc81241f6" prot="private" static="no" mutable="no">
        <type>const string</type>
        <definition>const string ProgettoBasiDati.Connection.ConnectionStringLocal</definition>
        <argsstring></argsstring>
        <name>ConnectionStringLocal</name>
        <initializer>= &quot;server=localhost;user=&quot; + LocalUserName + &quot;;database=&quot; + DbName +
                                                     &quot;;port=&quot; + PortNumber + &quot;;password=&quot; + LocalPassword + &quot;&quot;</initializer>
        <briefdescription>
        </briefdescription>
        <detaileddescription>
        </detaileddescription>
        <inbodydescription>
        </inbodydescription>
        <location file="D:/GIT/database-exam-unimol/Database_Mod1_SQL/C#/ConsoleApp1/Connection.cs" line="17" column="1" bodyfile="D:/GIT/database-exam-unimol/Database_Mod1_SQL/C#/ConsoleApp1/Connection.cs" bodystart="17" bodyend="-1"/>
      </memberdef>
      <memberdef kind="variable" id="class_progetto_basi_dati_1_1_connection_1a251442e4084e3a6823d11997a3a08110" prot="private" static="no" mutable="no">
        <type>const string</type>
        <definition>const string ProgettoBasiDati.Connection.ConnectionStringAzure</definition>
        <argsstring></argsstring>
        <name>ConnectionStringAzure</name>
        <initializer>= &quot;server=&quot; + Url + &quot;;user=&quot; + UserName + &quot;@&quot; + ServerName +
                                                     &quot;;database=&quot; + DbName + &quot;;port=&quot; + PortNumber + &quot;;password=&quot; +
                                                     Password + &quot;&quot;</initializer>
        <briefdescription>
        </briefdescription>
        <detaileddescription>
        </detaileddescription>
        <inbodydescription>
        </inbodydescription>
        <location file="D:/GIT/database-exam-unimol/Database_Mod1_SQL/C#/ConsoleApp1/Connection.cs" line="20" column="1" bodyfile="D:/GIT/database-exam-unimol/Database_Mod1_SQL/C#/ConsoleApp1/Connection.cs" bodystart="20" bodyend="-1"/>
      </memberdef>
      <memberdef kind="variable" id="class_progetto_basi_dati_1_1_connection_1a5874200edd438771678a9558ecc7c3ca" prot="private" static="no" mutable="no">
        <type>const string</type>
        <definition>const string ProgettoBasiDati.Connection.UserName</definition>
        <argsstring></argsstring>
        <name>UserName</name>
        <initializer>= &quot;USER_AZURE&quot;</initializer>
        <briefdescription>
        </briefdescription>
        <detaileddescription>
        </detaileddescription>
        <inbodydescription>
        </inbodydescription>
        <location file="D:/GIT/database-exam-unimol/Database_Mod1_SQL/C#/ConsoleApp1/Connection.cs" line="87" column="1" bodyfile="D:/GIT/database-exam-unimol/Database_Mod1_SQL/C#/ConsoleApp1/Connection.cs" bodystart="87" bodyend="-1"/>
      </memberdef>
      <memberdef kind="variable" id="class_progetto_basi_dati_1_1_connection_1a836c3059d3a50e324f23c6908cc8c2d4" prot="private" static="no" mutable="no">
        <type>const string</type>
        <definition>const string ProgettoBasiDati.Connection.Password</definition>
        <argsstring></argsstring>
        <name>Password</name>
        <initializer>= &quot;PASSWORD_AZURE&quot;</initializer>
        <briefdescription>
        </briefdescription>
        <detaileddescription>
        </detaileddescription>
        <inbodydescription>
        </inbodydescription>
        <location file="D:/GIT/database-exam-unimol/Database_Mod1_SQL/C#/ConsoleApp1/Connection.cs" line="88" column="1" bodyfile="D:/GIT/database-exam-unimol/Database_Mod1_SQL/C#/ConsoleApp1/Connection.cs" bodystart="88" bodyend="-1"/>
      </memberdef>
      <memberdef kind="variable" id="class_progetto_basi_dati_1_1_connection_1a8b8601ba49be4061768becbab49d5c34" prot="private" static="no" mutable="no">
        <type>const string</type>
        <definition>const string ProgettoBasiDati.Connection.ServerName</definition>
        <argsstring></argsstring>
        <name>ServerName</name>
        <initializer>= &quot;SERVER_AZURE&quot;</initializer>
        <briefdescription>
        </briefdescription>
        <detaileddescription>
        </detaileddescription>
        <inbodydescription>
        </inbodydescription>
        <location file="D:/GIT/database-exam-unimol/Database_Mod1_SQL/C#/ConsoleApp1/Connection.cs" line="89" column="1" bodyfile="D:/GIT/database-exam-unimol/Database_Mod1_SQL/C#/ConsoleApp1/Connection.cs" bodystart="89" bodyend="-1"/>
      </memberdef>
      <memberdef kind="variable" id="class_progetto_basi_dati_1_1_connection_1a7e7800a63cd7459b25612b19158ae403" prot="private" static="no" mutable="no">
        <type>const string</type>
        <definition>const string ProgettoBasiDati.Connection.Url</definition>
        <argsstring></argsstring>
        <name>Url</name>
        <initializer>= ServerName + &quot;.mysql.database.azure.com&quot;</initializer>
        <briefdescription>
        </briefdescription>
        <detaileddescription>
        </detaileddescription>
        <inbodydescription>
        </inbodydescription>
        <location file="D:/GIT/database-exam-unimol/Database_Mod1_SQL/C#/ConsoleApp1/Connection.cs" line="90" column="1" bodyfile="D:/GIT/database-exam-unimol/Database_Mod1_SQL/C#/ConsoleApp1/Connection.cs" bodystart="90" bodyend="-1"/>
      </memberdef>
      <memberdef kind="variable" id="class_progetto_basi_dati_1_1_connection_1a9d1959c3f0e4b1787bb524c9d01b4733" prot="private" static="no" mutable="no">
        <type>const string</type>
        <definition>const string ProgettoBasiDati.Connection.DbName</definition>
        <argsstring></argsstring>
        <name>DbName</name>
        <initializer>= &quot;acme_societa&quot;</initializer>
        <briefdescription>
        </briefdescription>
        <detaileddescription>
        </detaileddescription>
        <inbodydescription>
        </inbodydescription>
        <location file="D:/GIT/database-exam-unimol/Database_Mod1_SQL/C#/ConsoleApp1/Connection.cs" line="91" column="1" bodyfile="D:/GIT/database-exam-unimol/Database_Mod1_SQL/C#/ConsoleApp1/Connection.cs" bodystart="91" bodyend="-1"/>
      </memberdef>
      <memberdef kind="variable" id="class_progetto_basi_dati_1_1_connection_1abca125d6c312552169238b2d795196c8" prot="private" static="no" mutable="no">
        <type>const string</type>
        <definition>const string ProgettoBasiDati.Connection.PortNumber</definition>
        <argsstring></argsstring>
        <name>PortNumber</name>
        <initializer>= &quot;3306&quot;</initializer>
        <briefdescription>
        </briefdescription>
        <detaileddescription>
        </detaileddescription>
        <inbodydescription>
        </inbodydescription>
        <location file="D:/GIT/database-exam-unimol/Database_Mod1_SQL/C#/ConsoleApp1/Connection.cs" line="92" column="1" bodyfile="D:/GIT/database-exam-unimol/Database_Mod1_SQL/C#/ConsoleApp1/Connection.cs" bodystart="92" bodyend="-1"/>
      </memberdef>
      </sectiondef>
      <sectiondef kind="private-static-func">
      <memberdef kind="function" id="class_progetto_basi_dati_1_1_connection_1a2c6c47d8d227eb2265da0f4b65132ca3" prot="private" static="yes" const="no" explicit="no" inline="yes" virt="non-virtual">
        <type>void</type>
        <definition>static void ProgettoBasiDati.Connection.Print</definition>
        <argsstring>(string stringa)</argsstring>
        <name>Print</name>
        <param>
          <type>string</type>
          <declname>stringa</declname>
        </param>
        <briefdescription>
        </briefdescription>
        <detaileddescription>
        </detaileddescription>
        <inbodydescription>
        </inbodydescription>
        <location file="D:/GIT/database-exam-unimol/Database_Mod1_SQL/C#/ConsoleApp1/Connection.cs" line="24" column="1" bodyfile="D:/GIT/database-exam-unimol/Database_Mod1_SQL/C#/ConsoleApp1/Connection.cs" bodystart="24" bodyend="27"/>
      </memberdef>
      <memberdef kind="function" id="class_progetto_basi_dati_1_1_connection_1a4b9582ffb132e8981e0d15eaf5cbe881" prot="private" static="yes" const="no" explicit="no" inline="yes" virt="non-virtual">
        <type>string</type>
        <definition>static string ProgettoBasiDati.Connection.DbConnect</definition>
        <argsstring>(int selezione)</argsstring>
        <name>DbConnect</name>
        <param>
          <type>int</type>
          <declname>selezione</declname>
        </param>
        <briefdescription>
<para>Imposta la stringa di connessione scelta. </para>
        </briefdescription>
        <detaileddescription>
<para><parameterlist kind="param"><parameteritem>
<parameternamelist>
<parametername>selezione</parametername>
</parameternamelist>
<parameterdescription>
<para>Connessione selezionata.</para>
</parameterdescription>
</parameteritem>
</parameterlist>
<simplesect kind="return"><para>Stringa di connessione scelta (Azure o LocalHost).</para>
</simplesect>
</para>
        </detaileddescription>
        <inbodydescription>
        </inbodydescription>
        <location file="D:/GIT/database-exam-unimol/Database_Mod1_SQL/C#/ConsoleApp1/Connection.cs" line="48" column="1" bodyfile="D:/GIT/database-exam-unimol/Database_Mod1_SQL/C#/ConsoleApp1/Connection.cs" bodystart="48" bodyend="61"/>
      </memberdef>
      <memberdef kind="function" id="class_progetto_basi_dati_1_1_connection_1acaeb76b314f40a934a6ee14300341758" prot="private" static="yes" const="no" explicit="no" inline="yes" virt="non-virtual">
        <type>int</type>
        <definition>static int ProgettoBasiDati.Connection.SelectMenu</definition>
        <argsstring>()</argsstring>
        <name>SelectMenu</name>
        <briefdescription>
<para>Legge la scelta effettuata nel menù. </para>
        </briefdescription>
        <detaileddescription>
<para><simplesect kind="return"><para>Valore inserito</para>
</simplesect>
</para>
        </detaileddescription>
        <inbodydescription>
        </inbodydescription>
        <location file="D:/GIT/database-exam-unimol/Database_Mod1_SQL/C#/ConsoleApp1/Connection.cs" line="67" column="1" bodyfile="D:/GIT/database-exam-unimol/Database_Mod1_SQL/C#/ConsoleApp1/Connection.cs" bodystart="67" bodyend="72"/>
      </memberdef>
      <memberdef kind="function" id="class_progetto_basi_dati_1_1_connection_1a4abca6fa80ce1c1bed2bb1fe19442619" prot="private" static="yes" const="no" explicit="no" inline="yes" virt="non-virtual">
        <type>void</type>
        <definition>static void ProgettoBasiDati.Connection.PromptMenu</definition>
        <argsstring>()</argsstring>
        <name>PromptMenu</name>
        <briefdescription>
<para>Stampa il menù. </para>
        </briefdescription>
        <detaileddescription>
        </detaileddescription>
        <inbodydescription>
        </inbodydescription>
        <location file="D:/GIT/database-exam-unimol/Database_Mod1_SQL/C#/ConsoleApp1/Connection.cs" line="77" column="1" bodyfile="D:/GIT/database-exam-unimol/Database_Mod1_SQL/C#/ConsoleApp1/Connection.cs" bodystart="77" bodyend="83"/>
      </memberdef>
      </sectiondef>
      <sectiondef kind="public-static-func">
      <memberdef kind="function" id="class_progetto_basi_dati_1_1_connection_1a987e6341acd2b40523ad1e351d1c7e85" prot="public" static="yes" const="no" explicit="no" inline="yes" virt="non-virtual">
        <type>string</type>
        <definition>static string ProgettoBasiDati.Connection.ConnectionMenu</definition>
        <argsstring>()</argsstring>
        <name>ConnectionMenu</name>
        <briefdescription>
<para>Stampa il menu per la scelta del database da utilizzare. </para>
        </briefdescription>
        <detaileddescription>
<para><simplesect kind="return"><para>Una stringa di connessione.</para>
</simplesect>
</para>
        </detaileddescription>
        <inbodydescription>
        </inbodydescription>
        <location file="D:/GIT/database-exam-unimol/Database_Mod1_SQL/C#/ConsoleApp1/Connection.cs" line="34" column="1" bodyfile="D:/GIT/database-exam-unimol/Database_Mod1_SQL/C#/ConsoleApp1/Connection.cs" bodystart="34" bodyend="41"/>
      </memberdef>
      </sectiondef>
    <briefdescription>
    </briefdescription>
    <detaileddescription>
    </detaileddescription>
    <location file="D:/GIT/database-exam-unimol/Database_Mod1_SQL/C#/ConsoleApp1/Connection.cs" line="13" column="1" bodyfile="D:/GIT/database-exam-unimol/Database_Mod1_SQL/C#/ConsoleApp1/Connection.cs" bodystart="12" bodyend="95"/>
    <listofallmembers>
      <member refid="class_progetto_basi_dati_1_1_connection_1a987e6341acd2b40523ad1e351d1c7e85" prot="public" virt="non-virtual"><scope>ProgettoBasiDati::Connection</scope><name>ConnectionMenu</name></member>
      <member refid="class_progetto_basi_dati_1_1_connection_1a251442e4084e3a6823d11997a3a08110" prot="private" virt="non-virtual"><scope>ProgettoBasiDati::Connection</scope><name>ConnectionStringAzure</name></member>
      <member refid="class_progetto_basi_dati_1_1_connection_1a422f1d23c8adb6b302001d0fc81241f6" prot="private" virt="non-virtual"><scope>ProgettoBasiDati::Connection</scope><name>ConnectionStringLocal</name></member>
      <member refid="class_progetto_basi_dati_1_1_connection_1a4b9582ffb132e8981e0d15eaf5cbe881" prot="private" virt="non-virtual"><scope>ProgettoBasiDati::Connection</scope><name>DbConnect</name></member>
      <member refid="class_progetto_basi_dati_1_1_connection_1a9d1959c3f0e4b1787bb524c9d01b4733" prot="private" virt="non-virtual"><scope>ProgettoBasiDati::Connection</scope><name>DbName</name></member>
      <member refid="class_progetto_basi_dati_1_1_connection_1a40dda18ce65c050d9fa2677ef1d4e5e3" prot="private" virt="non-virtual"><scope>ProgettoBasiDati::Connection</scope><name>LocalPassword</name></member>
      <member refid="class_progetto_basi_dati_1_1_connection_1a9a542db93dd4ba839eac95b3075f0027" prot="private" virt="non-virtual"><scope>ProgettoBasiDati::Connection</scope><name>LocalUserName</name></member>
      <member refid="class_progetto_basi_dati_1_1_connection_1a836c3059d3a50e324f23c6908cc8c2d4" prot="private" virt="non-virtual"><scope>ProgettoBasiDati::Connection</scope><name>Password</name></member>
      <member refid="class_progetto_basi_dati_1_1_connection_1abca125d6c312552169238b2d795196c8" prot="private" virt="non-virtual"><scope>ProgettoBasiDati::Connection</scope><name>PortNumber</name></member>
      <member refid="class_progetto_basi_dati_1_1_connection_1a2c6c47d8d227eb2265da0f4b65132ca3" prot="private" virt="non-virtual"><scope>ProgettoBasiDati::Connection</scope><name>Print</name></member>
      <member refid="class_progetto_basi_dati_1_1_connection_1a4abca6fa80ce1c1bed2bb1fe19442619" prot="private" virt="non-virtual"><scope>ProgettoBasiDati::Connection</scope><name>PromptMenu</name></member>
      <member refid="class_progetto_basi_dati_1_1_connection_1acaeb76b314f40a934a6ee14300341758" prot="private" virt="non-virtual"><scope>ProgettoBasiDati::Connection</scope><name>SelectMenu</name></member>
      <member refid="class_progetto_basi_dati_1_1_connection_1a8b8601ba49be4061768becbab49d5c34" prot="private" virt="non-virtual"><scope>ProgettoBasiDati::Connection</scope><name>ServerName</name></member>
      <member refid="class_progetto_basi_dati_1_1_connection_1a7e7800a63cd7459b25612b19158ae403" prot="private" virt="non-virtual"><scope>ProgettoBasiDati::Connection</scope><name>Url</name></member>
      <member refid="class_progetto_basi_dati_1_1_connection_1a5874200edd438771678a9558ecc7c3ca" prot="private" virt="non-virtual"><scope>ProgettoBasiDati::Connection</scope><name>UserName</name></member>
    </listofallmembers>
  </compounddef>
</doxygen>
