<?xml version='1.0' encoding='UTF-8' standalone='no'?>
<doxygen xmlns:xsi="http://www.w3.org/2001/XMLSchema-instance" xsi:noNamespaceSchemaLocation="compound.xsd" version="1.8.15">
  <compounddef id="class_progetto_basi_dati_1_1_gui" kind="class" language="C#" prot="public">
    <compoundname>ProgettoBasiDati::Gui</compoundname>
      <sectiondef kind="private-attrib">
      <memberdef kind="variable" id="class_progetto_basi_dati_1_1_gui_1a67aab4d7aef8ab55b48786c6a52c27dd" prot="private" static="no" mutable="no">
        <type>readonly <ref refid="class_progetto_basi_dati_1_1_query_sql" kindref="compound">QuerySql</ref></type>
        <definition>readonly QuerySql ProgettoBasiDati.Gui._querySql</definition>
        <argsstring></argsstring>
        <name>_querySql</name>
        <initializer>= new <ref refid="class_progetto_basi_dati_1_1_query_sql" kindref="compound">QuerySql</ref>()</initializer>
        <briefdescription>
        </briefdescription>
        <detaileddescription>
        </detaileddescription>
        <inbodydescription>
        </inbodydescription>
        <location file="D:/GIT/database-exam-unimol/Database_Mod1_SQL/C#/ConsoleApp1/GUI.cs" line="7" column="1" bodyfile="D:/GIT/database-exam-unimol/Database_Mod1_SQL/C#/ConsoleApp1/GUI.cs" bodystart="7" bodyend="-1"/>
      </memberdef>
      </sectiondef>
      <sectiondef kind="private-static-func">
      <memberdef kind="function" id="class_progetto_basi_dati_1_1_gui_1a340ce8c48920e850c2bd79b8ccf291bc" prot="private" static="yes" const="no" explicit="no" inline="yes" virt="non-virtual">
        <type>void</type>
        <definition>static void ProgettoBasiDati.Gui.Print</definition>
        <argsstring>(string stringa)</argsstring>
        <name>Print</name>
        <param>
          <type>string</type>
          <declname>stringa</declname>
        </param>
        <briefdescription>
        </briefdescription>
        <detaileddescription>
        </detaileddescription>
        <inbodydescription>
        </inbodydescription>
        <location file="D:/GIT/database-exam-unimol/Database_Mod1_SQL/C#/ConsoleApp1/GUI.cs" line="10" column="1" bodyfile="D:/GIT/database-exam-unimol/Database_Mod1_SQL/C#/ConsoleApp1/GUI.cs" bodystart="10" bodyend="13"/>
      </memberdef>
      </sectiondef>
      <sectiondef kind="public-static-func">
      <memberdef kind="function" id="class_progetto_basi_dati_1_1_gui_1a950d3e56fca6e2a90f407b32d75a5c18" prot="public" static="yes" const="no" explicit="no" inline="yes" virt="non-virtual">
        <type>void</type>
        <definition>static void ProgettoBasiDati.Gui.MenuIntro</definition>
        <argsstring>()</argsstring>
        <name>MenuIntro</name>
        <briefdescription>
        </briefdescription>
        <detaileddescription>
        </detaileddescription>
        <inbodydescription>
        </inbodydescription>
        <location file="D:/GIT/database-exam-unimol/Database_Mod1_SQL/C#/ConsoleApp1/GUI.cs" line="15" column="1" bodyfile="D:/GIT/database-exam-unimol/Database_Mod1_SQL/C#/ConsoleApp1/GUI.cs" bodystart="15" bodyend="21"/>
      </memberdef>
      </sectiondef>
      <sectiondef kind="public-func">
      <memberdef kind="function" id="class_progetto_basi_dati_1_1_gui_1a48ae40cbb1cd729ea196cd90d11bfa99" prot="public" static="no" const="no" explicit="no" inline="yes" virt="non-virtual">
        <type>string</type>
        <definition>string ProgettoBasiDati.Gui.Menu</definition>
        <argsstring>()</argsstring>
        <name>Menu</name>
        <briefdescription>
        </briefdescription>
        <detaileddescription>
        </detaileddescription>
        <inbodydescription>
        </inbodydescription>
        <location file="D:/GIT/database-exam-unimol/Database_Mod1_SQL/C#/ConsoleApp1/GUI.cs" line="24" column="1" bodyfile="D:/GIT/database-exam-unimol/Database_Mod1_SQL/C#/ConsoleApp1/GUI.cs" bodystart="24" bodyend="44"/>
      </memberdef>
      </sectiondef>
      <sectiondef kind="private-func">
      <memberdef kind="function" id="class_progetto_basi_dati_1_1_gui_1aa644c889dd46c739964ad2e3ba65d0f1" prot="private" static="no" const="no" explicit="no" inline="yes" virt="non-virtual">
        <type>int</type>
        <definition>int ProgettoBasiDati.Gui.SelectMenu</definition>
        <argsstring>()</argsstring>
        <name>SelectMenu</name>
        <briefdescription>
        </briefdescription>
        <detaileddescription>
        </detaileddescription>
        <inbodydescription>
        </inbodydescription>
        <location file="D:/GIT/database-exam-unimol/Database_Mod1_SQL/C#/ConsoleApp1/GUI.cs" line="47" column="1" bodyfile="D:/GIT/database-exam-unimol/Database_Mod1_SQL/C#/ConsoleApp1/GUI.cs" bodystart="47" bodyend="56"/>
      </memberdef>
      </sectiondef>
    <briefdescription>
    </briefdescription>
    <detaileddescription>
    </detaileddescription>
    <location file="D:/GIT/database-exam-unimol/Database_Mod1_SQL/C#/ConsoleApp1/GUI.cs" line="6" column="1" bodyfile="D:/GIT/database-exam-unimol/Database_Mod1_SQL/C#/ConsoleApp1/GUI.cs" bodystart="5" bodyend="57"/>
    <listofallmembers>
      <member refid="class_progetto_basi_dati_1_1_gui_1a67aab4d7aef8ab55b48786c6a52c27dd" prot="private" virt="non-virtual"><scope>ProgettoBasiDati::Gui</scope><name>_querySql</name></member>
      <member refid="class_progetto_basi_dati_1_1_gui_1a48ae40cbb1cd729ea196cd90d11bfa99" prot="public" virt="non-virtual"><scope>ProgettoBasiDati::Gui</scope><name>Menu</name></member>
      <member refid="class_progetto_basi_dati_1_1_gui_1a950d3e56fca6e2a90f407b32d75a5c18" prot="public" virt="non-virtual"><scope>ProgettoBasiDati::Gui</scope><name>MenuIntro</name></member>
      <member refid="class_progetto_basi_dati_1_1_gui_1a340ce8c48920e850c2bd79b8ccf291bc" prot="private" virt="non-virtual"><scope>ProgettoBasiDati::Gui</scope><name>Print</name></member>
      <member refid="class_progetto_basi_dati_1_1_gui_1aa644c889dd46c739964ad2e3ba65d0f1" prot="private" virt="non-virtual"><scope>ProgettoBasiDati::Gui</scope><name>SelectMenu</name></member>
    </listofallmembers>
  </compounddef>
</doxygen>
