<?xml version='1.0' encoding='UTF-8' standalone='no'?>
<doxygen xmlns:xsi="http://www.w3.org/2001/XMLSchema-instance" xsi:noNamespaceSchemaLocation="compound.xsd" version="1.8.15">
  <compounddef id="class_progetto_basi_dati_1_1_query_sql" kind="class" language="C#" prot="public">
    <compoundname>ProgettoBasiDati::QuerySql</compoundname>
      <sectiondef kind="private-static-func">
      <memberdef kind="function" id="class_progetto_basi_dati_1_1_query_sql_1a71352198842fc30526a00908fcd0e198" prot="private" static="yes" const="no" explicit="no" inline="yes" virt="non-virtual">
        <type>void</type>
        <definition>static void ProgettoBasiDati.QuerySql.Print</definition>
        <argsstring>(string text)</argsstring>
        <name>Print</name>
        <param>
          <type>string</type>
          <declname>text</declname>
        </param>
        <briefdescription>
        </briefdescription>
        <detaileddescription>
        </detaileddescription>
        <inbodydescription>
        </inbodydescription>
        <location file="D:/GIT/database-exam-unimol/Database_Mod1_SQL/C#/ConsoleApp1/QuerySQL.cs" line="15" column="1" bodyfile="D:/GIT/database-exam-unimol/Database_Mod1_SQL/C#/ConsoleApp1/QuerySQL.cs" bodystart="15" bodyend="18"/>
      </memberdef>
      </sectiondef>
      <sectiondef kind="public-func">
      <memberdef kind="function" id="class_progetto_basi_dati_1_1_query_sql_1a62505045a3e1533982840966622dfd16" prot="public" static="no" const="no" explicit="no" inline="yes" virt="non-virtual">
        <type>void</type>
        <definition>void ProgettoBasiDati.QuerySql.QueryMenu</definition>
        <argsstring>()</argsstring>
        <name>QueryMenu</name>
        <briefdescription>
<para>Stampa il menù di query disponibili, oppure è possibile inserirne una nuova. </para>
        </briefdescription>
        <detaileddescription>
        </detaileddescription>
        <inbodydescription>
        </inbodydescription>
        <location file="D:/GIT/database-exam-unimol/Database_Mod1_SQL/C#/ConsoleApp1/QuerySQL.cs" line="23" column="1" bodyfile="D:/GIT/database-exam-unimol/Database_Mod1_SQL/C#/ConsoleApp1/QuerySQL.cs" bodystart="23" bodyend="30"/>
      </memberdef>
      <memberdef kind="function" id="class_progetto_basi_dati_1_1_query_sql_1af08faee274bda19ad18d455840285484" prot="public" static="no" const="no" explicit="no" inline="yes" virt="non-virtual">
        <type>string</type>
        <definition>string ProgettoBasiDati.QuerySql.QueryFullCustom</definition>
        <argsstring>()</argsstring>
        <name>QueryFullCustom</name>
        <briefdescription>
<para>Esegue una query completamente personalizzata. </para>
        </briefdescription>
        <detaileddescription>
<para><simplesect kind="return"><para>Stringa contenente il risultato della query.</para>
</simplesect>
</para>
        </detaileddescription>
        <inbodydescription>
        </inbodydescription>
        <location file="D:/GIT/database-exam-unimol/Database_Mod1_SQL/C#/ConsoleApp1/QuerySQL.cs" line="37" column="1" bodyfile="D:/GIT/database-exam-unimol/Database_Mod1_SQL/C#/ConsoleApp1/QuerySQL.cs" bodystart="37" bodyend="49"/>
      </memberdef>
      <memberdef kind="function" id="class_progetto_basi_dati_1_1_query_sql_1a0966c03ac72700827c41b76d5f063a7d" prot="public" static="no" const="no" explicit="no" inline="yes" virt="non-virtual">
        <type>string</type>
        <definition>string ProgettoBasiDati.QuerySql.CallQuery</definition>
        <argsstring>(int selection)</argsstring>
        <name>CallQuery</name>
        <param>
          <type>int</type>
          <declname>selection</declname>
        </param>
        <briefdescription>
<para>Invoca una query. </para>
        </briefdescription>
        <detaileddescription>
<para><parameterlist kind="param"><parameteritem>
<parameternamelist>
<parametername>selection</parametername>
</parameternamelist>
<parameterdescription>
<para>Voce selezionata da menu.</para>
</parameterdescription>
</parameteritem>
</parameterlist>
<simplesect kind="return"><para>Stringa contenente il risultato della query.</para>
</simplesect>
</para>
        </detaileddescription>
        <inbodydescription>
        </inbodydescription>
        <location file="D:/GIT/database-exam-unimol/Database_Mod1_SQL/C#/ConsoleApp1/QuerySQL.cs" line="56" column="1" bodyfile="D:/GIT/database-exam-unimol/Database_Mod1_SQL/C#/ConsoleApp1/QuerySQL.cs" bodystart="56" bodyend="81"/>
      </memberdef>
      <memberdef kind="function" id="class_progetto_basi_dati_1_1_query_sql_1abdd29ff7aff256b67c7fbc47e2ef5f0c" prot="public" static="no" const="no" explicit="no" inline="yes" virt="non-virtual">
        <type>string</type>
        <definition>string ProgettoBasiDati.QuerySql.CallQuery</definition>
        <argsstring>(string gender, string size, double price)</argsstring>
        <name>CallQuery</name>
        <param>
          <type>string</type>
          <declname>gender</declname>
        </param>
        <param>
          <type>string</type>
          <declname>size</declname>
        </param>
        <param>
          <type>double</type>
          <declname>price</declname>
        </param>
        <briefdescription>
<para>Invoca una query ad una vista che utilizza i seguenti parametri. </para>
        </briefdescription>
        <detaileddescription>
<para><parameterlist kind="param"><parameteritem>
<parameternamelist>
<parametername>gender</parametername>
</parameternamelist>
<parameterdescription>
<para>Sesso del costume.</para>
</parameterdescription>
</parameteritem>
<parameteritem>
<parameternamelist>
<parametername>size</parametername>
</parameternamelist>
<parameterdescription>
<para>Taglia del costume.</para>
</parameterdescription>
</parameteritem>
<parameteritem>
<parameternamelist>
<parametername>price</parametername>
</parameternamelist>
<parameterdescription>
<para>Prezzo massimo del costume.</para>
</parameterdescription>
</parameteritem>
</parameterlist>
<simplesect kind="return"><para>Stringa contenente il risultato della query.</para>
</simplesect>
</para>
        </detaileddescription>
        <inbodydescription>
        </inbodydescription>
        <location file="D:/GIT/database-exam-unimol/Database_Mod1_SQL/C#/ConsoleApp1/QuerySQL.cs" line="90" column="1" bodyfile="D:/GIT/database-exam-unimol/Database_Mod1_SQL/C#/ConsoleApp1/QuerySQL.cs" bodystart="90" bodyend="95"/>
      </memberdef>
      <memberdef kind="function" id="class_progetto_basi_dati_1_1_query_sql_1a6d0a34f2360239a0003d2aec8b7bc9db" prot="public" static="no" const="no" explicit="no" inline="yes" virt="non-virtual">
        <type>string</type>
        <definition>string ProgettoBasiDati.QuerySql.CallQuery</definition>
        <argsstring>(string gender)</argsstring>
        <name>CallQuery</name>
        <param>
          <type>string</type>
          <declname>gender</declname>
        </param>
        <briefdescription>
<para>Invoca una query ad una vista che utilizza i seguenti parametri. </para>
        </briefdescription>
        <detaileddescription>
<para><parameterlist kind="param"><parameteritem>
<parameternamelist>
<parametername>gender</parametername>
</parameternamelist>
<parameterdescription>
<para>Sesso del costume.</para>
</parameterdescription>
</parameteritem>
</parameterlist>
<simplesect kind="return"><para>Stringa contenente il risultato della query.</para>
</simplesect>
</para>
        </detaileddescription>
        <inbodydescription>
        </inbodydescription>
        <location file="D:/GIT/database-exam-unimol/Database_Mod1_SQL/C#/ConsoleApp1/QuerySQL.cs" line="102" column="1" bodyfile="D:/GIT/database-exam-unimol/Database_Mod1_SQL/C#/ConsoleApp1/QuerySQL.cs" bodystart="102" bodyend="107"/>
      </memberdef>
      </sectiondef>
    <briefdescription>
    </briefdescription>
    <detaileddescription>
    </detaileddescription>
    <location file="D:/GIT/database-exam-unimol/Database_Mod1_SQL/C#/ConsoleApp1/QuerySQL.cs" line="14" column="1" bodyfile="D:/GIT/database-exam-unimol/Database_Mod1_SQL/C#/ConsoleApp1/QuerySQL.cs" bodystart="13" bodyend="108"/>
    <listofallmembers>
      <member refid="class_progetto_basi_dati_1_1_query_sql_1a0966c03ac72700827c41b76d5f063a7d" prot="public" virt="non-virtual"><scope>ProgettoBasiDati::QuerySql</scope><name>CallQuery</name></member>
      <member refid="class_progetto_basi_dati_1_1_query_sql_1abdd29ff7aff256b67c7fbc47e2ef5f0c" prot="public" virt="non-virtual"><scope>ProgettoBasiDati::QuerySql</scope><name>CallQuery</name></member>
      <member refid="class_progetto_basi_dati_1_1_query_sql_1a6d0a34f2360239a0003d2aec8b7bc9db" prot="public" virt="non-virtual"><scope>ProgettoBasiDati::QuerySql</scope><name>CallQuery</name></member>
      <member refid="class_progetto_basi_dati_1_1_query_sql_1a71352198842fc30526a00908fcd0e198" prot="private" virt="non-virtual"><scope>ProgettoBasiDati::QuerySql</scope><name>Print</name></member>
      <member refid="class_progetto_basi_dati_1_1_query_sql_1af08faee274bda19ad18d455840285484" prot="public" virt="non-virtual"><scope>ProgettoBasiDati::QuerySql</scope><name>QueryFullCustom</name></member>
      <member refid="class_progetto_basi_dati_1_1_query_sql_1a62505045a3e1533982840966622dfd16" prot="public" virt="non-virtual"><scope>ProgettoBasiDati::QuerySql</scope><name>QueryMenu</name></member>
    </listofallmembers>
  </compounddef>
</doxygen>
