<?xml version='1.0' encoding='UTF-8' standalone='no'?>
<doxygen xmlns:xsi="http://www.w3.org/2001/XMLSchema-instance" xsi:noNamespaceSchemaLocation="compound.xsd" version="1.8.15">
  <compounddef id="class_progetto_basi_dati_1_1_start" kind="class" language="C#" prot="public">
    <compoundname>ProgettoBasiDati::Start</compoundname>
      <sectiondef kind="private-static-func">
      <memberdef kind="function" id="class_progetto_basi_dati_1_1_start_1a6241181673fb824d56babb07f43138c6" prot="private" static="yes" const="no" explicit="no" inline="yes" virt="non-virtual">
        <type>void</type>
        <definition>static void ProgettoBasiDati.Start.Print</definition>
        <argsstring>(string text)</argsstring>
        <name>Print</name>
        <param>
          <type>string</type>
          <declname>text</declname>
        </param>
        <briefdescription>
        </briefdescription>
        <detaileddescription>
        </detaileddescription>
        <inbodydescription>
        </inbodydescription>
        <location file="D:/GIT/database-exam-unimol/Database_Mod1_SQL/C#/ConsoleApp1/Start.cs" line="8" column="1" bodyfile="D:/GIT/database-exam-unimol/Database_Mod1_SQL/C#/ConsoleApp1/Start.cs" bodystart="8" bodyend="11"/>
      </memberdef>
      <memberdef kind="function" id="class_progetto_basi_dati_1_1_start_1a21aa1a2b3a45b698478dc22d0e3860f7" prot="private" static="yes" const="no" explicit="no" inline="yes" virt="non-virtual">
        <type>void</type>
        <definition>static void ProgettoBasiDati.Start.Exit</definition>
        <argsstring>(string condition)</argsstring>
        <name>Exit</name>
        <param>
          <type>string</type>
          <declname>condition</declname>
        </param>
        <briefdescription>
        </briefdescription>
        <detaileddescription>
        </detaileddescription>
        <inbodydescription>
        </inbodydescription>
        <location file="D:/GIT/database-exam-unimol/Database_Mod1_SQL/C#/ConsoleApp1/Start.cs" line="13" column="1" bodyfile="D:/GIT/database-exam-unimol/Database_Mod1_SQL/C#/ConsoleApp1/Start.cs" bodystart="13" bodyend="21"/>
      </memberdef>
      <memberdef kind="function" id="class_progetto_basi_dati_1_1_start_1a78a583176a6c906e7e6cd448bbf8b0f4" prot="private" static="yes" const="no" explicit="no" inline="yes" virt="non-virtual">
        <type>void</type>
        <definition>static void ProgettoBasiDati.Start.Main</definition>
        <argsstring>()</argsstring>
        <name>Main</name>
        <briefdescription>
        </briefdescription>
        <detaileddescription>
        </detaileddescription>
        <inbodydescription>
        </inbodydescription>
        <location file="D:/GIT/database-exam-unimol/Database_Mod1_SQL/C#/ConsoleApp1/Start.cs" line="23" column="1" bodyfile="D:/GIT/database-exam-unimol/Database_Mod1_SQL/C#/ConsoleApp1/Start.cs" bodystart="23" bodyend="100"/>
      </memberdef>
      </sectiondef>
    <briefdescription>
    </briefdescription>
    <detaileddescription>
    </detaileddescription>
    <location file="D:/GIT/database-exam-unimol/Database_Mod1_SQL/C#/ConsoleApp1/Start.cs" line="7" column="1" bodyfile="D:/GIT/database-exam-unimol/Database_Mod1_SQL/C#/ConsoleApp1/Start.cs" bodystart="6" bodyend="101"/>
    <listofallmembers>
      <member refid="class_progetto_basi_dati_1_1_start_1a21aa1a2b3a45b698478dc22d0e3860f7" prot="private" virt="non-virtual"><scope>ProgettoBasiDati::Start</scope><name>Exit</name></member>
      <member refid="class_progetto_basi_dati_1_1_start_1a78a583176a6c906e7e6cd448bbf8b0f4" prot="private" virt="non-virtual"><scope>ProgettoBasiDati::Start</scope><name>Main</name></member>
      <member refid="class_progetto_basi_dati_1_1_start_1a6241181673fb824d56babb07f43138c6" prot="private" virt="non-virtual"><scope>ProgettoBasiDati::Start</scope><name>Print</name></member>
    </listofallmembers>
  </compounddef>
</doxygen>
