<?xml version='1.0' encoding='UTF-8' standalone='no'?>
<doxygen xmlns:xsi="http://www.w3.org/2001/XMLSchema-instance" xsi:noNamespaceSchemaLocation="compound.xsd" version="1.8.15">
  <compounddef id="dir_af38daab1d43baba66b87f3e092f5f51" kind="dir">
    <compoundname>D:/GIT/database-exam-unimol/Database_Mod1_SQL</compoundname>
    <innerdir refid="dir_d3551bdf34c627a2a27a4b7acff23ae3">D:/GIT/database-exam-unimol/Database_Mod1_SQL/C#</innerdir>
    <briefdescription>
    </briefdescription>
    <detaileddescription>
    </detaileddescription>
    <location file="D:/GIT/database-exam-unimol/Database_Mod1_SQL/"/>
  </compounddef>
</doxygen>
