<?xml version='1.0' encoding='UTF-8' standalone='no'?>
<doxygen xmlns:xsi="http://www.w3.org/2001/XMLSchema-instance" xsi:noNamespaceSchemaLocation="compound.xsd" version="1.8.15">
  <compounddef id="dir_b9382012f6824e6714bdbcc05aaa8a60" kind="dir">
    <compoundname>D:/GIT/database-exam-unimol/Database_Mod1_SQL/C#/ConsoleApp1</compoundname>
    <innerfile refid="_connection_8cs">Connection.cs</innerfile>
    <innerfile refid="_g_u_i_8cs">GUI.cs</innerfile>
    <innerfile refid="_query_s_q_l_8cs">QuerySQL.cs</innerfile>
    <innerfile refid="_start_8cs">Start.cs</innerfile>
    <briefdescription>
    </briefdescription>
    <detaileddescription>
    </detaileddescription>
    <location file="D:/GIT/database-exam-unimol/Database_Mod1_SQL/C#/ConsoleApp1/"/>
  </compounddef>
</doxygen>
