<?xml version='1.0' encoding='UTF-8' standalone='no'?>
<doxygen xmlns:xsi="http://www.w3.org/2001/XMLSchema-instance" xsi:noNamespaceSchemaLocation="compound.xsd" version="1.8.15">
  <compounddef id="dir_8c925e81f0170aa6b74d80af28258136" kind="dir">
    <compoundname>D:/GIT/database-exam-unimol</compoundname>
    <innerdir refid="dir_af38daab1d43baba66b87f3e092f5f51">D:/GIT/database-exam-unimol/Database_Mod1_SQL</innerdir>
    <briefdescription>
    </briefdescription>
    <detaileddescription>
    </detaileddescription>
    <location file="D:/GIT/database-exam-unimol/"/>
  </compounddef>
</doxygen>
