<?xml version='1.0' encoding='UTF-8' standalone='no'?>
<doxygen xmlns:xsi="http://www.w3.org/2001/XMLSchema-instance" xsi:noNamespaceSchemaLocation="compound.xsd" version="1.8.15">
  <compounddef id="dir_d3551bdf34c627a2a27a4b7acff23ae3" kind="dir">
    <compoundname>D:/GIT/database-exam-unimol/Database_Mod1_SQL/C#</compoundname>
    <innerdir refid="dir_b9382012f6824e6714bdbcc05aaa8a60">D:/GIT/database-exam-unimol/Database_Mod1_SQL/C#/ConsoleApp1</innerdir>
    <briefdescription>
    </briefdescription>
    <detaileddescription>
    </detaileddescription>
    <location file="D:/GIT/database-exam-unimol/Database_Mod1_SQL/C#/"/>
  </compounddef>
</doxygen>
