<?xml version='1.0' encoding='UTF-8' standalone='no'?>
<doxygen xmlns:xsi="http://www.w3.org/2001/XMLSchema-instance" xsi:noNamespaceSchemaLocation="compound.xsd" version="1.8.15">
  <compounddef id="dir_2819f17ffd536c76baa6d22c695599c9" kind="dir">
    <compoundname>D:/GIT</compoundname>
    <innerdir refid="dir_8c925e81f0170aa6b74d80af28258136">D:/GIT/database-exam-unimol</innerdir>
    <briefdescription>
    </briefdescription>
    <detaileddescription>
    </detaileddescription>
    <location file="D:/GIT/"/>
  </compounddef>
</doxygen>
