<?xml version='1.0' encoding='UTF-8' standalone='no'?>
<doxygenindex xmlns:xsi="http://www.w3.org/2001/XMLSchema-instance" xsi:noNamespaceSchemaLocation="index.xsd" version="1.8.15">
  <compound refid="class_progetto_basi_dati_1_1_connection" kind="class"><name>ProgettoBasiDati::Connection</name>
    <member refid="class_progetto_basi_dati_1_1_connection_1a9a542db93dd4ba839eac95b3075f0027" kind="variable"><name>LocalUserName</name></member>
    <member refid="class_progetto_basi_dati_1_1_connection_1a40dda18ce65c050d9fa2677ef1d4e5e3" kind="variable"><name>LocalPassword</name></member>
    <member refid="class_progetto_basi_dati_1_1_connection_1a422f1d23c8adb6b302001d0fc81241f6" kind="variable"><name>ConnectionStringLocal</name></member>
    <member refid="class_progetto_basi_dati_1_1_connection_1a251442e4084e3a6823d11997a3a08110" kind="variable"><name>ConnectionStringAzure</name></member>
    <member refid="class_progetto_basi_dati_1_1_connection_1a5874200edd438771678a9558ecc7c3ca" kind="variable"><name>UserName</name></member>
    <member refid="class_progetto_basi_dati_1_1_connection_1a836c3059d3a50e324f23c6908cc8c2d4" kind="variable"><name>Password</name></member>
    <member refid="class_progetto_basi_dati_1_1_connection_1a8b8601ba49be4061768becbab49d5c34" kind="variable"><name>ServerName</name></member>
    <member refid="class_progetto_basi_dati_1_1_connection_1a7e7800a63cd7459b25612b19158ae403" kind="variable"><name>Url</name></member>
    <member refid="class_progetto_basi_dati_1_1_connection_1a9d1959c3f0e4b1787bb524c9d01b4733" kind="variable"><name>DbName</name></member>
    <member refid="class_progetto_basi_dati_1_1_connection_1abca125d6c312552169238b2d795196c8" kind="variable"><name>PortNumber</name></member>
    <member refid="class_progetto_basi_dati_1_1_connection_1a2c6c47d8d227eb2265da0f4b65132ca3" kind="function"><name>Print</name></member>
    <member refid="class_progetto_basi_dati_1_1_connection_1a4b9582ffb132e8981e0d15eaf5cbe881" kind="function"><name>DbConnect</name></member>
    <member refid="class_progetto_basi_dati_1_1_connection_1acaeb76b314f40a934a6ee14300341758" kind="function"><name>SelectMenu</name></member>
    <member refid="class_progetto_basi_dati_1_1_connection_1a4abca6fa80ce1c1bed2bb1fe19442619" kind="function"><name>PromptMenu</name></member>
    <member refid="class_progetto_basi_dati_1_1_connection_1a987e6341acd2b40523ad1e351d1c7e85" kind="function"><name>ConnectionMenu</name></member>
  </compound>
  <compound refid="class_progetto_basi_dati_1_1_gui" kind="class"><name>ProgettoBasiDati::Gui</name>
    <member refid="class_progetto_basi_dati_1_1_gui_1a67aab4d7aef8ab55b48786c6a52c27dd" kind="variable"><name>_querySql</name></member>
    <member refid="class_progetto_basi_dati_1_1_gui_1a340ce8c48920e850c2bd79b8ccf291bc" kind="function"><name>Print</name></member>
    <member refid="class_progetto_basi_dati_1_1_gui_1a950d3e56fca6e2a90f407b32d75a5c18" kind="function"><name>MenuIntro</name></member>
    <member refid="class_progetto_basi_dati_1_1_gui_1a48ae40cbb1cd729ea196cd90d11bfa99" kind="function"><name>Menu</name></member>
    <member refid="class_progetto_basi_dati_1_1_gui_1aa644c889dd46c739964ad2e3ba65d0f1" kind="function"><name>SelectMenu</name></member>
  </compound>
  <compound refid="class_progetto_basi_dati_1_1_query_sql" kind="class"><name>ProgettoBasiDati::QuerySql</name>
    <member refid="class_progetto_basi_dati_1_1_query_sql_1a71352198842fc30526a00908fcd0e198" kind="function"><name>Print</name></member>
    <member refid="class_progetto_basi_dati_1_1_query_sql_1a62505045a3e1533982840966622dfd16" kind="function"><name>QueryMenu</name></member>
    <member refid="class_progetto_basi_dati_1_1_query_sql_1af08faee274bda19ad18d455840285484" kind="function"><name>QueryFullCustom</name></member>
    <member refid="class_progetto_basi_dati_1_1_query_sql_1a0966c03ac72700827c41b76d5f063a7d" kind="function"><name>CallQuery</name></member>
    <member refid="class_progetto_basi_dati_1_1_query_sql_1abdd29ff7aff256b67c7fbc47e2ef5f0c" kind="function"><name>CallQuery</name></member>
    <member refid="class_progetto_basi_dati_1_1_query_sql_1a6d0a34f2360239a0003d2aec8b7bc9db" kind="function"><name>CallQuery</name></member>
  </compound>
  <compound refid="class_progetto_basi_dati_1_1_start" kind="class"><name>ProgettoBasiDati::Start</name>
    <member refid="class_progetto_basi_dati_1_1_start_1a6241181673fb824d56babb07f43138c6" kind="function"><name>Print</name></member>
    <member refid="class_progetto_basi_dati_1_1_start_1a21aa1a2b3a45b698478dc22d0e3860f7" kind="function"><name>Exit</name></member>
    <member refid="class_progetto_basi_dati_1_1_start_1a78a583176a6c906e7e6cd448bbf8b0f4" kind="function"><name>Main</name></member>
  </compound>
  <compound refid="namespace_my_sql_1_1_data_1_1_my_sql_client" kind="namespace"><name>MySql::Data::MySqlClient</name>
  </compound>
  <compound refid="namespace_progetto_basi_dati" kind="namespace"><name>ProgettoBasiDati</name>
    <member refid="namespace_progetto_basi_dati_1ad6644bd1056efc8e7236ef806ef322d8" kind="enum"><name>ConnectionType</name></member>
    <member refid="namespace_progetto_basi_dati_1ad6644bd1056efc8e7236ef806ef322d8afef46e5063ce3dc78b8ae64fa474241d" kind="enumvalue"><name>Exit</name></member>
    <member refid="namespace_progetto_basi_dati_1ad6644bd1056efc8e7236ef806ef322d8a6595493e94d0aede479ad17a25345881" kind="enumvalue"><name>LocalHost</name></member>
    <member refid="namespace_progetto_basi_dati_1ad6644bd1056efc8e7236ef806ef322d8a3a580f142203677f1f0bc30898f63f53" kind="enumvalue"><name>Azure</name></member>
    <member refid="namespace_progetto_basi_dati_1a25084310eea7e1ce70a4f1a6ee42586a" kind="enum"><name>QueryType</name></member>
    <member refid="namespace_progetto_basi_dati_1a25084310eea7e1ce70a4f1a6ee42586aafef46e5063ce3dc78b8ae64fa474241d" kind="enumvalue"><name>Exit</name></member>
    <member refid="namespace_progetto_basi_dati_1a25084310eea7e1ce70a4f1a6ee42586aa5eea624faf7f6aff50c8770c7393fbf1" kind="enumvalue"><name>CustomQuery</name></member>
    <member refid="namespace_progetto_basi_dati_1a25084310eea7e1ce70a4f1a6ee42586aa804ea8285cf0207caf958ed99f874f78" kind="enumvalue"><name>ViewSiGePr</name></member>
    <member refid="namespace_progetto_basi_dati_1a25084310eea7e1ce70a4f1a6ee42586aa371a22eddde87b55519befa2dfbd6475" kind="enumvalue"><name>ViewGender</name></member>
  </compound>
  <compound refid="namespace_system" kind="namespace"><name>System</name>
  </compound>
  <compound refid="_connection_8cs" kind="file"><name>Connection.cs</name>
  </compound>
  <compound refid="_g_u_i_8cs" kind="file"><name>GUI.cs</name>
  </compound>
  <compound refid="_query_s_q_l_8cs" kind="file"><name>QuerySQL.cs</name>
  </compound>
  <compound refid="_start_8cs" kind="file"><name>Start.cs</name>
  </compound>
  <compound refid="dir_d3551bdf34c627a2a27a4b7acff23ae3" kind="dir"><name>D:/GIT/database-exam-unimol/Database_Mod1_SQL/C#</name>
  </compound>
  <compound refid="dir_b9382012f6824e6714bdbcc05aaa8a60" kind="dir"><name>D:/GIT/database-exam-unimol/Database_Mod1_SQL/C#/ConsoleApp1</name>
  </compound>
  <compound refid="dir_8c925e81f0170aa6b74d80af28258136" kind="dir"><name>D:/GIT/database-exam-unimol</name>
  </compound>
  <compound refid="dir_af38daab1d43baba66b87f3e092f5f51" kind="dir"><name>D:/GIT/database-exam-unimol/Database_Mod1_SQL</name>
  </compound>
  <compound refid="dir_2819f17ffd536c76baa6d22c695599c9" kind="dir"><name>D:/GIT</name>
  </compound>
</doxygenindex>
