<?xml version='1.0' encoding='UTF-8' standalone='no'?>
<doxygen xmlns:xsi="http://www.w3.org/2001/XMLSchema-instance" xsi:noNamespaceSchemaLocation="compound.xsd" version="1.8.15">
  <compounddef id="namespace_system" kind="namespace" language="Unknown">
    <compoundname>System</compoundname>
    <briefdescription>
    </briefdescription>
    <detaileddescription>
    </detaileddescription>
    <location file="D:/GIT/database-exam-unimol/Database_Mod1_SQL/C#/ConsoleApp1/Connection.cs" line="1" column="1"/>
  </compounddef>
</doxygen>
