<?xml version='1.0' encoding='UTF-8' standalone='no'?>
<doxygen xmlns:xsi="http://www.w3.org/2001/XMLSchema-instance" xsi:noNamespaceSchemaLocation="compound.xsd" version="1.8.15">
  <compounddef id="namespace_progetto_basi_dati" kind="namespace" language="C#">
    <compoundname>ProgettoBasiDati</compoundname>
    <innerclass refid="class_progetto_basi_dati_1_1_connection" prot="public">ProgettoBasiDati::Connection</innerclass>
    <innerclass refid="class_progetto_basi_dati_1_1_gui" prot="public">ProgettoBasiDati::Gui</innerclass>
    <innerclass refid="class_progetto_basi_dati_1_1_query_sql" prot="public">ProgettoBasiDati::QuerySql</innerclass>
    <innerclass refid="class_progetto_basi_dati_1_1_start" prot="public">ProgettoBasiDati::Start</innerclass>
      <sectiondef kind="enum">
      <memberdef kind="enum" id="namespace_progetto_basi_dati_1ad6644bd1056efc8e7236ef806ef322d8" prot="public" static="no" strong="yes">
        <type></type>
        <name>ConnectionType</name>
        <enumvalue id="namespace_progetto_basi_dati_1ad6644bd1056efc8e7236ef806ef322d8afef46e5063ce3dc78b8ae64fa474241d" prot="public">
          <name>Exit</name>
          <initializer>= 0</initializer>
          <briefdescription>
          </briefdescription>
          <detaileddescription>
          </detaileddescription>
        </enumvalue>
        <enumvalue id="namespace_progetto_basi_dati_1ad6644bd1056efc8e7236ef806ef322d8a6595493e94d0aede479ad17a25345881" prot="public">
          <name>LocalHost</name>
          <initializer>= 1</initializer>
          <briefdescription>
          </briefdescription>
          <detaileddescription>
          </detaileddescription>
        </enumvalue>
        <enumvalue id="namespace_progetto_basi_dati_1ad6644bd1056efc8e7236ef806ef322d8a3a580f142203677f1f0bc30898f63f53" prot="public">
          <name>Azure</name>
          <initializer>= 2</initializer>
          <briefdescription>
          </briefdescription>
          <detaileddescription>
          </detaileddescription>
        </enumvalue>
        <briefdescription>
        </briefdescription>
        <detaileddescription>
        </detaileddescription>
        <inbodydescription>
        </inbodydescription>
        <location file="D:/GIT/database-exam-unimol/Database_Mod1_SQL/C#/ConsoleApp1/Connection.cs" line="6" column="1" bodyfile="D:/GIT/database-exam-unimol/Database_Mod1_SQL/C#/ConsoleApp1/Connection.cs" bodystart="5" bodyend="10"/>
      </memberdef>
      <memberdef kind="enum" id="namespace_progetto_basi_dati_1a25084310eea7e1ce70a4f1a6ee42586a" prot="public" static="no" strong="yes">
        <type></type>
        <name>QueryType</name>
        <enumvalue id="namespace_progetto_basi_dati_1a25084310eea7e1ce70a4f1a6ee42586aafef46e5063ce3dc78b8ae64fa474241d" prot="public">
          <name>Exit</name>
          <briefdescription>
          </briefdescription>
          <detaileddescription>
          </detaileddescription>
        </enumvalue>
        <enumvalue id="namespace_progetto_basi_dati_1a25084310eea7e1ce70a4f1a6ee42586aa5eea624faf7f6aff50c8770c7393fbf1" prot="public">
          <name>CustomQuery</name>
          <briefdescription>
          </briefdescription>
          <detaileddescription>
          </detaileddescription>
        </enumvalue>
        <enumvalue id="namespace_progetto_basi_dati_1a25084310eea7e1ce70a4f1a6ee42586aa804ea8285cf0207caf958ed99f874f78" prot="public">
          <name>ViewSiGePr</name>
          <briefdescription>
          </briefdescription>
          <detaileddescription>
          </detaileddescription>
        </enumvalue>
        <enumvalue id="namespace_progetto_basi_dati_1a25084310eea7e1ce70a4f1a6ee42586aa371a22eddde87b55519befa2dfbd6475" prot="public">
          <name>ViewGender</name>
          <briefdescription>
          </briefdescription>
          <detaileddescription>
          </detaileddescription>
        </enumvalue>
        <briefdescription>
        </briefdescription>
        <detaileddescription>
        </detaileddescription>
        <inbodydescription>
        </inbodydescription>
        <location file="D:/GIT/database-exam-unimol/Database_Mod1_SQL/C#/ConsoleApp1/QuerySQL.cs" line="6" column="1" bodyfile="D:/GIT/database-exam-unimol/Database_Mod1_SQL/C#/ConsoleApp1/QuerySQL.cs" bodystart="5" bodyend="11"/>
      </memberdef>
      </sectiondef>
    <briefdescription>
    </briefdescription>
    <detaileddescription>
    </detaileddescription>
    <location file="D:/GIT/database-exam-unimol/Database_Mod1_SQL/C#/ConsoleApp1/Connection.cs" line="4" column="1"/>
  </compounddef>
</doxygen>
