<?xml version='1.0' encoding='UTF-8' standalone='no'?>
<doxygen xmlns:xsi="http://www.w3.org/2001/XMLSchema-instance" xsi:noNamespaceSchemaLocation="compound.xsd" version="1.8.15">
  <compounddef id="namespace_my_sql_1_1_data_1_1_my_sql_client" kind="namespace" language="Unknown">
    <compoundname>MySql::Data::MySqlClient</compoundname>
    <briefdescription>
    </briefdescription>
    <detaileddescription>
    </detaileddescription>
    <location file="D:/GIT/database-exam-unimol/Database_Mod1_SQL/C#/ConsoleApp1/Start.cs" line="2" column="1"/>
  </compounddef>
</doxygen>
